{
  "abraham_grampa_simpson": {
    "precision": 0.978448275862069,
    "recall": 0.9956140350877193,
    "f1-score": 0.9869565217391304,
    "support": 228.0
  },
  "agnes_skinner": {
    "precision": 1.0,
    "recall": 0.9,
    "f1-score": 0.9473684210526315,
    "support": 10.0
  },
  "apu_nahasapeemapetilon": {
    "precision": 1.0,
    "recall": 0.9935897435897436,
    "f1-score": 0.9967845659163987,
    "support": 156.0
  },
  "barney_gumble": {
    "precision": 0.9629629629629629,
    "recall": 1.0,
    "f1-score": 0.9811320754716981,
    "support": 26.0
  },
  "bart_simpson": {
    "precision": 0.9940652818991098,
    "recall": 0.9970238095238095,
    "f1-score": 0.9955423476968797,
    "support": 336.0
  },
  "carl_carlson": {
    "precision": 1.0,
    "recall": 0.9166666666666666,
    "f1-score": 0.9565217391304348,
    "support": 24.0
  },
  "charles_montgomery_burns": {
    "precision": 0.99,
    "recall": 0.9966442953020134,
    "f1-score": 0.9933110367892977,
    "support": 298.0
  },
  "chief_wiggum": {
    "precision": 0.9919028340080972,
    "recall": 0.9919028340080972,
    "f1-score": 0.9919028340080972,
    "support": 247.0
  },
  "cletus_spuckler": {
    "precision": 1.0,
    "recall": 1.0,
    "f1-score": 1.0,
    "support": 12.0
  },
  "comic_book_guy": {
    "precision": 0.9914529914529915,
    "recall": 0.9914529914529915,
    "f1-score": 0.9914529914529915,
    "support": 117.0
  },
  "disco_stu": {
    "precision": 1.0,
    "recall": 0.5,
    "f1-score": 0.6666666666666666,
    "support": 2.0
  },
  "edna_krabappel": {
    "precision": 0.9912280701754386,
    "recall": 0.9912280701754386,
    "f1-score": 0.9912280701754386,
    "support": 114.0
  },
  "fat_tony": {
    "precision": 1.0,
    "recall": 1.0,
    "f1-score": 1.0,
    "support": 7.0
  },
  "gil": {
    "precision": 1.0,
    "recall": 1.0,
    "f1-score": 1.0,
    "support": 7.0
  },
  "groundskeeper_willie": {
    "precision": 0.967741935483871,
    "recall": 1.0,
    "f1-score": 0.9836065573770492,
    "support": 30.0
  },
  "homer_simpson": {
    "precision": 0.9875666074600356,
    "recall": 0.9893238434163701,
    "f1-score": 0.9884444444444445,
    "support": 562.0
  },
  "kent_brockman": {
    "precision": 1.0,
    "recall": 0.992,
    "f1-score": 0.9959839357429718,
    "support": 125.0
  },
  "krusty_the_clown": {
    "precision": 0.9966666666666667,
    "recall": 0.9900662251655629,
    "f1-score": 0.9933554817275747,
    "support": 302.0
  },
  "lenny_leonard": {
    "precision": 1.0,
    "recall": 0.987012987012987,
    "f1-score": 0.9934640522875817,
    "support": 77.0
  },
  "lionel_hutz": {
    "precision": 1.0,
    "recall": 1.0,
    "f1-score": 1.0,
    "support": 1.0
  },
  "lisa_simpson": {
    "precision": 0.9940652818991098,
    "recall": 0.9882005899705014,
    "f1-score": 0.9911242603550295,
    "support": 339.0
  },
  "maggie_simpson": {
    "precision": 1.0,
    "recall": 1.0,
    "f1-score": 1.0,
    "support": 32.0
  },
  "marge_simpson": {
    "precision": 0.9906832298136646,
    "recall": 0.9876160990712074,
    "f1-score": 0.9891472868217054,
    "support": 323.0
  },
  "martin_prince": {
    "precision": 0.8947368421052632,
    "recall": 0.9444444444444444,
    "f1-score": 0.918918918918919,
    "support": 18.0
  },
  "mayor_quimby": {
    "precision": 0.9508196721311475,
    "recall": 0.9508196721311475,
    "f1-score": 0.9508196721311475,
    "support": 61.0
  },
  "milhouse_van_houten": {
    "precision": 0.9925373134328358,
    "recall": 0.9851851851851852,
    "f1-score": 0.9888475836431226,
    "support": 270.0
  },
  "miss_hoover": {
    "precision": 1.0,
    "recall": 1.0,
    "f1-score": 1.0,
    "support": 4.0
  },
  "moe_szyslak": {
    "precision": 0.9836512261580381,
    "recall": 0.9944903581267218,
    "f1-score": 0.989041095890411,
    "support": 363.0
  },
  "ned_flanders": {
    "precision": 0.989100817438692,
    "recall": 0.9972527472527473,
    "f1-score": 0.9931600547195623,
    "support": 364.0
  },
  "nelson_muntz": {
    "precision": 0.9662921348314607,
    "recall": 0.9662921348314607,
    "f1-score": 0.9662921348314607,
    "support": 89.0
  },
  "otto_mann": {
    "precision": 1.0,
    "recall": 1.0,
    "f1-score": 1.0,
    "support": 8.0
  },
  "patty_bouvier": {
    "precision": 0.9473684210526315,
    "recall": 1.0,
    "f1-score": 0.972972972972973,
    "support": 18.0
  },
  "principal_skinner": {
    "precision": 0.99,
    "recall": 0.9933110367892977,
    "f1-score": 0.991652754590985,
    "support": 299.0
  },
  "professor_john_frink": {
    "precision": 1.0,
    "recall": 0.9375,
    "f1-score": 0.967741935483871,
    "support": 16.0
  },
  "rainier_wolfcastle": {
    "precision": 1.0,
    "recall": 1.0,
    "f1-score": 1.0,
    "support": 11.0
  },
  "ralph_wiggum": {
    "precision": 1.0,
    "recall": 1.0,
    "f1-score": 1.0,
    "support": 22.0
  },
  "selma_bouvier": {
    "precision": 1.0,
    "recall": 0.9230769230769231,
    "f1-score": 0.96,
    "support": 26.0
  },
  "sideshow_bob": {
    "precision": 0.9954545454545455,
    "recall": 1.0,
    "f1-score": 0.9977220956719818,
    "support": 219.0
  },
  "sideshow_mel": {
    "precision": 1.0,
    "recall": 1.0,
    "f1-score": 1.0,
    "support": 10.0
  },
  "snake_jailbird": {
    "precision": 1.0,
    "recall": 0.7857142857142857,
    "f1-score": 0.88,
    "support": 14.0
  },
  "troy_mcclure": {
    "precision": 1.0,
    "recall": 1.0,
    "f1-score": 1.0,
    "support": 2.0
  },
  "waylon_smithers": {
    "precision": 1.0,
    "recall": 0.9777777777777777,
    "f1-score": 0.9887640449438202,
    "support": 45.0
  },
  "accuracy": 0.9896828429499427,
  "macro avg": {
    "precision": 0.989208216911634,
    "recall": 0.9681953989469785,
    "f1-score": 0.9761887274441493,
    "support": 5234.0
  },
  "weighted avg": {
    "precision": 0.9897633979168887,
    "recall": 0.9896828429499427,
    "f1-score": 0.989612679992666,
    "support": 5234.0
  }
}