{
  "val_loss": 0.040469335188923074,
  "val_accuracy": 0.9896828532218933,
  "val_f1_macro": 0.9761887788772583,
  "val_f1_weighted": 0.9896126389503479,
  "macro_precision": 0.989208216911634,
  "macro_recall": 0.9681953989469785,
  "weighted_precision": 0.9897633979168887,
  "weighted_recall": 0.9896828429499427
}