{
  "val_loss": 0.03648092055508886,
  "val_accuracy": 0.9904471039772034,
  "val_f1_macro": 0.9809549450874329,
  "val_f1_weighted": 0.9904108643531799,
  "macro_precision": 0.9909685585999012,
  "macro_recall": 0.975173573128518,
  "weighted_precision": 0.9905019908019378,
  "weighted_recall": 0.9904470768055025
}